2026-09-02T06:09:03Z	TASK-0001	qa->reopened	-	qa
2026-09-02T06:24:24Z	BUG-0002	qa->done	fixed	qa
2026-09-02T06:24:41Z	BUG-0001	blocked->done	already_done	qa
2026-09-02T06:28:35Z	TASK-0001	qa->done	fixed	qa
2026-09-02T06:50:57Z	TASK-0002	qa->reopened	-	qa
2026-09-02T07:06:08Z	BUG-0003	qa->done	fixed	qa
2026-09-02T07:06:32Z	TASK-0004	qa->done	fixed	qa
2026-09-02T07:11:33Z	TASK-0002	qa->done	fixed	qa
2026-09-02T07:17:06Z	BUG-0004	qa->done	fixed	qa
2026-09-02T07:35:12Z	TASK-0003	qa->reopened	-	qa
2026-09-02T07:49:23Z	TASK-0005	qa->done	fixed	qa
2026-09-02T07:49:34Z	BUG-0008	blocked->done	already_done	qa
2026-09-02T07:56:06Z	TASK-0003	qa->done	fixed	qa
2026-09-02T07:56:19Z	BUG-0007	open->done	already_done	qa
2026-09-02T08:10:23Z	TASK-0006	qa->done	fixed	qa
2026-09-02T08:46:47Z	TASK-0007	qa->reopened	-	qa
2026-09-02T08:48:32Z	TASK-0026	qa->done	fixed	qa
2026-09-02T09:00:56Z	TASK-0027	qa->done	fixed	qa
2026-09-02T09:09:13Z	BUG-0009	qa->done	fixed	qa
2026-09-02T09:09:33Z	TASK-0007	qa->done	fixed	qa
2026-09-02T09:33:50Z	TASK-0015	qa->reopened	-	qa
2026-09-02T09:45:32Z	TASK-0017	qa->reopened	-	qa
2026-09-02T09:56:57Z	BUG-0010	qa->done	fixed	qa
2026-09-02T09:57:11Z	TASK-0015	qa->done	already_done	qa
2026-09-02T10:03:27Z	TASK-0017	qa->done	fixed	qa
2026-09-02T10:03:42Z	BUG-0011	open->done	fixed	qa
2026-09-02T10:11:36Z	BUG-0005	qa->done	fixed	qa
2026-09-02T10:32:45Z	TASK-0018	qa->done	fixed	qa
2026-09-02T10:34:20Z	BUG-0006	qa->done	fixed	qa
2026-09-02T10:44:23Z	BUG-0012	qa->done	fixed	qa
2026-09-02T10:47:04Z	BUG-0013	qa->done	fixed	qa
2026-09-02T11:03:29Z	BUG-0014	qa->done	fixed	qa
2026-09-02T11:11:09Z	BUG-0015	qa->done	fixed	qa
2026-09-02T11:27:45Z	BUG-0016	qa->done	fixed	qa
2026-09-02T11:40:00Z	TASK-0008	qa->reopened	-	qa
2026-09-02T11:45:05Z	TASK-0028	qa->done	fixed	qa
2026-09-02T11:54:34Z	BUG-0018	qa->done	fixed	qa
2026-09-02T11:54:51Z	TASK-0008	qa->done	fixed	qa
2026-09-02T12:21:36Z	BUG-0017	qa->done	fixed	qa
2026-09-02T12:41:18Z	TASK-0009	qa->done	fixed	qa
2026-09-02T12:46:14Z	BUG-0019	qa->done	fixed	qa
2026-09-02T12:57:43Z	BUG-0020	qa->done	fixed	qa
2026-09-02T13:06:51Z	TASK-0030	qa->done	fixed	qa
2026-09-02T13:38:18Z	TASK-0010	qa->done	fixed	qa
2026-09-02T14:23:19Z	TASK-0012	qa->done	fixed	qa
2026-09-02T14:50:40Z	TASK-0011	qa->done	fixed	qa
2026-09-02T15:15:06Z	TASK-0013	qa->done	fixed	qa
2026-09-02T15:31:02Z	TASK-0014	qa->reopened	-	qa
2026-09-02T15:43:36Z	BUG-0021	qa->done	fixed	qa
2026-09-02T15:49:01Z	BUG-0023	qa->done	fixed	qa
2026-09-02T15:49:17Z	TASK-0014	qa->done	already_done	qa
2026-09-02T16:04:04Z	BUG-0022	qa->done	fixed	qa
2026-09-02T16:18:36Z	FEAT-0003	blocked->done	already_done	qa
2026-09-02T16:29:09Z	BUG-0025	open->done	obsolete	qa
2026-09-02T16:30:55Z	TASK-0019	qa->done	fixed	qa
2026-09-02T16:46:41Z	BUG-0024	qa->done	fixed	qa
2026-09-02T16:48:26Z	TASK-0021	open->done	already_done	qa
2026-09-02T16:48:41Z	TASK-0022	open->done	already_done	qa
2026-09-02T16:48:52Z	TASK-0024	open->done	already_done	qa
2026-09-02T16:49:04Z	TASK-0025	open->done	already_done	qa
2026-09-02T17:08:19Z	BUG-0026	qa->done	fixed	qa
2026-09-02T17:09:12Z	TASK-0023	blocked->done	already_done	qa
2026-09-02T17:15:10Z	BUG-0028	qa->done	fixed	qa
2026-09-02T17:50:02Z	BUG-0030	qa->reopened	-	qa
2026-09-02T17:53:00Z	BUG-0029	qa->done	fixed	qa
2026-09-02T17:53:15Z	BUG-0031	blocked->done	already_done	qa
2026-09-02T18:11:44Z	TASK-0016	qa->done	fixed	qa
2026-09-02T18:25:09Z	BUG-0030	qa->reopened	-	qa
2026-09-02T18:47:55Z	BUG-0032	qa->reopened	-	qa
2026-09-02T18:58:39Z	BUG-0030	qa->done	fixed	qa
2026-09-02T19:21:17Z	BUG-0032	qa->done	fixed	qa
2026-09-02T19:21:29Z	BUG-0033	blocked->done	already_done	qa
2026-09-02T19:32:03Z	TASK-0020	qa->done	fixed	qa
2026-09-02T19:54:50Z	TASK-0029	qa->done	fixed	qa
2026-09-02T19:59:54Z	BUG-0027	qa->done	fixed	qa
2026-09-02T20:26:15Z	BUG-0034	qa->done	fixed	qa
2026-09-02T21:15:13Z	TASK-0032	qa->reopened	-	qa
2026-09-02T21:43:45Z	BUG-0035	qa->done	fixed	qa
2026-09-02T21:43:59Z	TASK-0032	qa->done	fixed	qa
2026-09-02T21:54:53Z	DEBT-0001	qa->done	fixed	qa
2026-09-02T22:00:44Z	BUG-0036	qa->done	fixed	qa
2026-09-03T05:08:07Z	TASK-0031	qa->done	fixed	qa
2026-09-03T05:13:34Z	BUG-0037	qa->done	fixed	qa
2026-09-03T21:38:28Z	TASK-0033	qa->done	fixed	qa
2026-09-03T21:59:17Z	BUG-0038	qa->done	fixed	qa
2026-09-03T21:59:18Z	TASK-0034	qa->done	fixed	qa
2026-09-03T22:10:58Z	BUG-0039	qa->reopened	-	qa
2026-09-03T22:31:20Z	BUG-0040	qa->reopened	-	qa
2026-09-03T22:32:54Z	BUG-0039	qa->done	fixed	qa
2026-09-03T22:33:28Z	BUG-0051	open->done	already_done	qa
2026-09-03T22:51:15Z	BUG-0041	qa->reopened	-	qa
2026-09-03T22:59:00Z	BUG-0040	qa->done	fixed	qa
2026-09-03T23:04:07Z	BUG-0056	qa->done	fixed	qa
2026-09-03T23:14:36Z	BUG-0057	qa->done	fixed	qa
2026-09-03T23:14:49Z	BUG-0061	open->done	already_done	qa
2026-09-03T23:21:07Z	BUG-0058	qa->done	fixed	qa
2026-09-03T23:34:51Z	BUG-0062	qa->done	fixed	qa
2026-09-03T23:38:04Z	BUG-0041	qa->done	fixed	qa
2026-09-03T23:50:55Z	BUG-0042	qa->done	fixed	qa
2026-09-04T00:14:19Z	BUG-0043	qa->done	fixed	qa
2026-09-04T00:18:53Z	BUG-0044	qa->done	fixed	qa
2026-09-04T00:40:40Z	BUG-0045	qa->done	fixed	qa
2026-09-04T00:46:27Z	BUG-0052	qa->done	fixed	qa
2026-09-04T00:56:45Z	BUG-0053	qa->done	fixed	qa
2026-09-04T01:21:01Z	BUG-0054	qa->done	fixed	qa
2026-09-04T01:21:01Z	BUG-0059	qa->done	already_done	qa
2026-09-04T01:46:20Z	BUG-0060	qa->done	fixed	qa
2026-09-04T01:47:38Z	BUG-0063	qa->done	fixed	qa
2026-09-04T01:57:48Z	BUG-0064	qa->done	fixed	qa
2026-09-04T02:17:48Z	BUG-0065	qa->done	fixed	qa
2026-09-04T02:22:22Z	BUG-0067	qa->done	fixed	qa
2026-09-04T02:46:41Z	DEBT-0002	qa->done	fixed	qa
2026-09-04T03:17:07Z	TASK-0035	qa->done	fixed	qa
2026-09-04T03:35:00Z	BUG-0046	qa->done	fixed	qa
2026-09-04T03:58:36Z	TASK-0036	qa->done	fixed	qa
2026-09-04T04:04:14Z	BUG-0047	qa->done	fixed	qa
2026-09-04T04:17:15Z	BUG-0048	qa->done	fixed	qa
2026-09-04T04:20:05Z	BUG-0071	qa->done	fixed	qa
2026-09-04T04:46:36Z	BUG-0072	qa->done	fixed	qa
2026-09-04T04:47:39Z	BUG-0049	qa->done	fixed	qa
2026-09-04T04:57:19Z	BUG-0050	qa->done	fixed	qa
2026-09-04T05:11:35Z	BUG-0055	qa->done	fixed	qa
2026-09-04T05:21:23Z	BUG-0066	qa->done	fixed	qa
2026-09-04T05:40:26Z	BUG-0074	qa->done	fixed	qa
2026-09-04T05:55:10Z	BUG-0075	qa->done	fixed	qa
2026-09-04T05:57:26Z	BUG-0068	qa->done	fixed	qa
2026-09-04T06:11:38Z	BUG-0069	qa->done	fixed	qa
2026-09-04T06:20:45Z	BUG-0076	qa->done	fixed	qa
2026-09-04T06:37:29Z	BUG-0070	qa->done	fixed	qa
2026-09-04T06:43:42Z	BUG-0073	qa->done	fixed	qa
2026-09-04T07:20:49Z	DEBT-0003	qa->reopened	-	qa
2026-09-04T07:21:39Z	DEBT-0005	qa->done	fixed	qa
2026-09-04T07:51:09Z	BUG-0077	qa->done	fixed	qa
2026-09-04T07:55:06Z	DEBT-0003	qa->done	fixed	qa
2026-09-04T08:30:09Z	DEBT-0006	qa->done	fixed	qa
2026-09-04T08:56:50Z	DEBT-0004	qa->done	fixed	qa
2026-09-09T01:32:11Z	TASK-0038	qa->done	fixed	qa
2026-09-09T01:34:45Z	TASK-0041	qa->done	fixed	qa
2026-09-09T01:37:29Z	TASK-0042	qa->reopened	-	qa
2026-09-09T01:55:52Z	TASK-0037	qa->done	fixed	qa
2026-09-09T01:56:31Z	TASK-0047	qa->done	fixed	qa
2026-09-09T01:57:26Z	TASK-0042	qa->done	fixed	qa
2026-09-09T01:58:21Z	BUG-0079	qa->done	fixed	qa
2026-09-09T02:13:37Z	TASK-0040	qa->done	fixed	qa
2026-09-09T02:15:21Z	BUG-0078	qa->done	fixed	qa
2026-09-09T02:17:51Z	TASK-0039	qa->done	fixed	qa
2026-09-09T02:23:20Z	TASK-0045	qa->reopened	-	qa
2026-09-09T02:23:36Z	BUG-0080	qa->done	fixed	qa
2026-09-09T02:32:26Z	TASK-0048	qa->done	fixed	qa
2026-09-09T02:38:49Z	BUG-0081	qa->done	fixed	qa
2026-09-09T02:44:54Z	BUG-0082	qa->done	fixed	qa
2026-09-09T02:45:50Z	TASK-0045	qa->done	fixed	qa
2026-09-09T02:49:49Z	TASK-0052	qa->done	fixed	qa
2026-09-09T03:07:53Z	BUG-0083	qa->done	fixed	qa
2026-09-09T03:15:10Z	BUG-0084	qa->done	fixed	qa
2026-09-09T03:23:55Z	TASK-0049	qa->done	fixed	qa
2026-09-09T03:26:03Z	TASK-0058	qa->done	fixed	qa
2026-09-09T03:33:16Z	TASK-0043	blocked->done	already_done	qa
2026-09-09T03:33:35Z	TASK-0044	blocked->done	already_done	qa
2026-09-09T03:36:26Z	TASK-0053	qa->done	fixed	qa
2026-09-09T03:46:21Z	BUG-0085	qa->done	fixed	qa
2026-09-09T03:59:45Z	TASK-0050	qa->done	fixed	qa
2026-09-09T04:09:54Z	TASK-0051	qa->done	fixed	qa
2026-09-09T04:11:11Z	TASK-0046	qa->done	fixed	qa
2026-09-09T04:17:49Z	TASK-0054	qa->done	fixed	qa
2026-09-09T04:26:43Z	BUG-0087	qa->done	fixed	qa
2026-09-09T04:36:48Z	TASK-0059	qa->reopened	-	qa
2026-09-09T04:39:44Z	BUG-0088	qa->done	fixed	qa
2026-09-09T04:44:16Z	BUG-0086	qa->reopened	-	qa
2026-09-09T04:54:19Z	BUG-0090	qa->done	fixed	qa
2026-09-09T04:54:35Z	BUG-0089	qa->done	fixed	qa
2026-09-09T04:56:56Z	BUG-0091	qa->done	fixed	qa
2026-09-09T04:57:10Z	DEBT-0007	qa->done	fixed	qa
2026-09-09T05:01:51Z	BUG-0093	qa->done	fixed	qa
2026-09-09T05:07:12Z	BUG-0092	open->done	already_done	qa
2026-09-09T05:07:31Z	TASK-0059	qa->done	fixed	qa
2026-09-09T05:24:02Z	TASK-0055	qa->done	fixed	qa
2026-09-09T05:29:20Z	BUG-0086	qa->reopened	-	qa
2026-09-09T05:29:44Z	BUG-0094	qa->reopened	-	qa
2026-09-09T05:39:15Z	BUG-0095	qa->done	fixed	qa
2026-09-09T05:43:35Z	BUG-0097	qa->done	fixed	qa
2026-09-09T05:49:20Z	BUG-0096	qa->done	fixed	qa
2026-09-09T05:55:59Z	BUG-0098	qa->reopened	-	qa
2026-09-09T05:56:44Z	BUG-0099	qa->done	fixed	qa
2026-09-09T06:05:46Z	TASK-0056	qa->done	fixed	qa
2026-09-09T06:06:42Z	BUG-0094	qa->done	fixed	qa
2026-09-09T06:10:20Z	BUG-0100	qa->done	fixed	qa
2026-09-09T06:20:00Z	BUG-0102	qa->done	fixed	qa
2026-09-09T06:20:10Z	BUG-0086	qa->done	fixed	qa
2026-09-09T06:35:57Z	BUG-0101	qa->done	fixed	qa
2026-09-09T06:36:20Z	BUG-0098	qa->done	fixed	qa
2026-09-09T07:12:57Z	BUG-0104	qa->done	fixed	qa
2026-09-09T07:20:19Z	BUG-0103	qa->reopened	-	qa
2026-09-09T07:44:44Z	BUG-0105	qa->done	fixed	qa
2026-09-09T07:54:06Z	BUG-0103	qa->done	fixed	qa
2026-09-09T08:54:05Z	BUG-0106	qa->done	fixed	qa
2026-09-09T09:14:30Z	BUG-0107	qa->reopened	-	qa
2026-09-09T09:33:27Z	BUG-0108	qa->done	fixed	qa
2026-09-09T10:02:19Z	BUG-0107	qa->done	fixed	qa
2026-09-09T10:17:59Z	BUG-0109	qa->reopened	-	qa
2026-09-09T10:32:17Z	BUG-0113	qa->done	fixed	qa
2026-09-09T10:35:06Z	BUG-0110	qa->reopened	-	qa
2026-09-09T10:58:00Z	BUG-0109	qa->done	fixed	qa
2026-09-09T10:58:27Z	BUG-0114	open->done	already_done	qa
2026-09-09T11:26:06Z	BUG-0115	qa->done	fixed	qa
2026-09-09T11:37:30Z	BUG-0118	qa->done	fixed	qa
2026-09-09T11:44:16Z	BUG-0110	qa->done	fixed	qa
2026-09-09T11:44:51Z	BUG-0116	blocked->done	already_done	qa
2026-09-09T11:53:33Z	BUG-0111	qa->done	fixed	qa
2026-09-09T12:09:34Z	BUG-0112	qa->done	fixed	qa
2026-09-09T12:18:45Z	BUG-0117	qa->done	fixed	qa
2026-09-09T12:36:21Z	BUG-0119	qa->done	fixed	qa
2026-09-09T12:46:39Z	BUG-0120	qa->done	fixed	qa
2026-09-09T13:08:22Z	BUG-0121	qa->done	fixed	qa
2026-09-09T13:42:51Z	BUG-0122	qa->done	fixed	qa
2026-09-09T14:00:49Z	BUG-0123	qa->done	fixed	qa
2026-09-09T14:20:09Z	BUG-0124	qa->done	fixed	qa
2026-09-09T14:34:19Z	BUG-0125	qa->done	fixed	qa
2026-09-09T14:38:59Z	BUG-0128	qa->done	fixed	qa
2026-09-09T14:51:48Z	BUG-0126	qa->done	fixed	qa
2026-09-09T15:05:56Z	BUG-0129	qa->done	fixed	qa
2026-09-09T15:17:18Z	BUG-0130	qa->done	fixed	qa
2026-09-09T15:35:43Z	BUG-0131	qa->done	fixed	qa
2026-09-09T15:49:22Z	BUG-0132	qa->done	fixed	qa
2026-09-09T16:10:37Z	BUG-0133	qa->done	fixed	qa
2026-09-09T16:20:14Z	BUG-0127	qa->done	fixed	qa
2026-09-09T16:51:39Z	BUG-0134	qa->done	fixed	qa
2026-09-09T16:51:50Z	BUG-0135	qa->done	fixed	qa
2026-09-09T17:09:17Z	BUG-0136	qa->done	fixed	qa
2026-09-09T18:01:53Z	BUG-0139	qa->reopened	-	qa
2026-09-09T18:14:24Z	BUG-0137	qa->done	fixed	qa
2026-09-09T18:32:13Z	BUG-0139	qa->done	fixed	qa
2026-09-09T18:32:27Z	BUG-0140	open->done	already_done	qa
2026-09-09T19:25:18Z	BUG-0141	qa->done	fixed	qa
2026-09-09T19:38:57Z	BUG-0142	qa->done	fixed	qa
2026-09-09T20:07:08Z	DEBT-0008	qa->done	fixed	qa
2026-09-09T20:13:49Z	BUG-0143	qa->done	fixed	qa
2026-09-09T20:22:54Z	DEBT-0010	qa->done	fixed	qa
2026-09-09T20:35:07Z	BUG-0144	qa->done	fixed	qa
2026-09-09T20:48:39Z	BUG-0145	qa->done	fixed	qa
2026-09-09T21:13:49Z	DEBT-0009	qa->done	fixed	qa
2026-09-09T21:33:57Z	BUG-0146	qa->done	fixed	qa
2026-09-09T21:54:54Z	DEBT-0011	qa->reopened	-	qa
2026-09-09T22:04:55Z	DEBT-0013	qa->reopened	-	qa
2026-09-09T22:08:03Z	BUG-0148	qa->done	fixed	qa
2026-09-09T22:14:30Z	DEBT-0011	qa->reopened	-	qa
2026-09-09T22:25:11Z	BUG-0149	qa->done	fixed	qa
2026-09-09T22:38:46Z	BUG-0151	qa->done	fixed	qa
2026-09-09T22:56:47Z	DEBT-0011	qa->done	fixed	qa
2026-09-09T22:59:21Z	DEBT-0013	qa->done	fixed	qa
2026-09-09T23:17:51Z	BUG-0147	qa->done	fixed	qa
2026-09-09T23:19:09Z	BUG-0150	qa->done	fixed	qa
2026-09-09T23:36:01Z	BUG-0152	qa->done	fixed	qa
2026-09-09T23:53:07Z	BUG-0153	qa->done	fixed	qa
2026-09-10T00:13:17Z	BUG-0154	qa->done	fixed	qa
2026-09-10T00:46:44Z	DEBT-0012	qa->done	fixed	qa
2026-09-10T01:06:35Z	BUG-0156	qa->done	fixed	qa
2026-09-10T01:07:01Z	DEBT-0014	qa->done	fixed	qa
2026-09-10T01:43:38Z	BUG-0155	qa->done	fixed	qa
2026-09-10T01:49:19Z	BUG-0157	qa->done	fixed	qa
2026-09-10T17:36:03Z	BUG-0158	qa->done	fixed	qa
2026-09-10T17:37:45Z	DEBT-0015	qa->done	fixed	qa
2026-09-10T17:51:01Z	BUG-0159	qa->done	fixed	qa
2026-09-10T19:24:51Z	BUG-0138	qa->done	fixed	qa
2026-09-10T20:17:53Z	BUG-0160	qa->done	fixed	qa
2026-09-10T20:34:01Z	BUG-0161	qa->done	fixed	qa
2026-09-10T20:39:33Z	BUG-0162	qa->done	fixed	qa
2026-09-10T21:10:02Z	BUG-0163	qa->done	fixed	qa
2026-09-10T22:19:57Z	TASK-0061	qa->reopened	-	qa
2026-09-10T22:24:36Z	TASK-0062	qa->reopened	-	qa
2026-09-10T22:34:23Z	TASK-0062	blocked->done	fixed	qa
2026-09-10T22:38:21Z	BUG-0165	qa->done	fixed	qa
2026-09-10T22:38:36Z	TASK-0061	reopened->done	already_done	qa
2026-09-10T22:55:10Z	TASK-0063	qa->done	fixed	qa
2026-09-10T23:26:15Z	BUG-0166	qa->done	fixed	qa
2026-09-10T23:28:29Z	TASK-0074	qa->done	fixed	qa
2026-09-10T23:40:18Z	DEBT-0016	qa->done	fixed	qa
2026-09-11T00:07:54Z	TASK-0064	qa->done	fixed	qa
2026-09-11T00:22:17Z	TASK-0065	qa->done	fixed	qa
2026-09-11T00:40:55Z	BUG-0168	qa->done	fixed	qa
2026-09-11T01:05:29Z	TASK-0075	qa->reopened	-	qa
2026-09-11T01:28:17Z	TASK-0066	qa->done	fixed	qa
2026-09-11T03:22:09Z	TASK-0067	qa->done	fixed	qa
2026-09-11T03:49:27Z	TASK-0068	qa->done	fixed	qa
2026-09-11T04:55:56Z	TASK-0075	qa->done	fixed	qa
2026-09-11T05:04:17Z	TASK-0076	qa->done	fixed	qa
2026-09-11T05:17:25Z	BUG-0169	qa->done	fixed	qa
2026-09-11T05:38:42Z	TASK-0069	qa->done	fixed	qa
2026-09-11T05:58:54Z	BUG-0167	qa->done	fixed	qa
2026-09-11T06:03:43Z	BUG-0170	qa->done	fixed	qa
2026-09-11T06:08:42Z	BUG-0171	qa->done	fixed	qa
2026-09-11T06:43:15Z	BUG-0172	qa->done	fixed	qa
2026-09-11T07:16:12Z	TASK-0077	qa->done	fixed	qa
2026-09-11T07:26:15Z	BUG-0173	qa->done	fixed	qa
2026-09-11T07:50:43Z	BUG-0174	qa->done	fixed	qa
2026-09-11T08:36:19Z	BUG-0175	qa->done	fixed	qa
2026-09-11T08:50:51Z	BUG-0179	qa->done	fixed	qa
2026-09-11T09:10:47Z	BUG-0180	qa->done	fixed	qa
2026-09-11T09:26:19Z	BUG-0176	qa->done	fixed	qa
2026-09-11T09:38:06Z	BUG-0181	qa->done	fixed	qa
2026-09-11T09:59:17Z	BUG-0185	qa->done	fixed	qa
2026-09-11T10:06:20Z	BUG-0183	qa->done	fixed	qa
2026-09-11T10:07:23Z	DEBT-0017	qa->done	fixed	qa
2026-09-11T10:24:42Z	BUG-0182	qa->done	fixed	qa
2026-09-11T10:44:35Z	BUG-0186	qa->done	fixed	qa
2026-09-11T11:00:27Z	BUG-0187	qa->done	fixed	qa
2026-09-11T11:18:21Z	DEBT-0018	qa->done	fixed	qa
2026-09-11T11:42:40Z	TASK-0070	qa->done	fixed	qa
2026-09-11T12:00:19Z	BUG-0188	qa->done	fixed	qa
2026-09-11T12:25:23Z	BUG-0189	qa->done	fixed	qa
2026-09-11T12:26:09Z	TASK-0071	qa->done	fixed	qa
2026-09-11T12:41:32Z	BUG-0190	qa->done	fixed	qa
2026-09-11T12:52:46Z	BUG-0191	qa->done	fixed	qa
2026-09-11T12:56:36Z	BUG-0177	qa->done	fixed	qa
2026-09-11T13:06:45Z	BUG-0184	qa->done	fixed	qa
2026-09-11T13:36:50Z	TASK-0072	qa->done	fixed	qa
2026-09-11T13:43:04Z	BUG-0178	qa->done	fixed	qa
2026-09-11T13:43:49Z	DEBT-0019	qa->done	fixed	qa
2026-09-11T14:09:29Z	BUG-0192	qa->reopened	-	qa
2026-09-11T14:29:16Z	TASK-0073	qa->done	fixed	qa
2026-09-11T14:46:37Z	BUG-0192	qa->done	fixed	qa
2026-09-11T14:46:56Z	BUG-0193	open->done	already_done	qa
